time,microbe_2
1,0.972350794
2,1.32615341
3,1.857823126
4,2.239875847
5,1.98894756
6,3.36422757
7,5.683547944
8,5.356379786
9,7.109877303
10,11.17809326
11,13.45838105
12,17.11431985
13,20.51584658
14,28.41511108
15,39.012651
