time,microbe_1
1,0.733680965
2,1.345549505
3,2.509745879
4,3.990090293
5,4.629347705
6,10.14319615
7,22.02177555
8,26.48010277
9,44.55847999
10,88.30582967
11,133.3571031
12,211.8001166
13,315.9422757
14,542.8334134
15,922.1016314
